ArkInventory,http://www.curse.com/addons/wow/ark-inventory,http://www.curse.com/addons/wow/ark-inventory/download
AtlasLoot,http://www.curse.com/addons/wow/atlasloot-enhanced,http://www.curse.com/addons/wow/atlasloot-enhanced/download
Auctionator,http://www.curse.com/addons/wow/auctionator,http://www.curse.com/addons/wow/auctionator/download
AutoRepair,http://www.curse.com/addons/wow/autorepair,http://www.curse.com/addons/wow/autorepair/download
Bartender4,http://www.curse.com/addons/wow/bartender4,http://www.curse.com/addons/wow/bartender4/download
BattlegroundTargets,http://www.curse.com/addons/wow/battlegroundtargets,http://www.curse.com/addons/wow/battlegroundtargets/download
Capping,http://www.curse.com/addons/wow/capping-bg-timers,http://www.curse.com/addons/wow/capping-bg-timers/download
Ceaphyrels_AutoAcceptInvite,http://www.curse.com/addons/wow/ceaphyrels_auto_accept_invite,http://www.curse.com/addons/wow/ceaphyrels_auto_accept_invite/download
Gladius,http://www.curse.com/addons/wow/gladius,http://www.curse.com/addons/wow/gladius/download
Grid,http://www.curse.com/addons/wow/grid,http://www.curse.com/addons/wow/grid/download
HealBot,http://www.curse.com/addons/wow/heal-bot-continued,http://www.curse.com/addons/wow/heal-bot-continued/download
IceHUD,http://www.curse.com/addons/wow/ice-hud,http://www.curse.com/addons/wow/ice-hud/download
MarketWatcher,http://www.curse.com/addons/wow/market-watcher,http://www.curse.com/addons/wow/market-watcher/download
Omen,http://www.curse.com/addons/wow/omen-threat-meter,http://www.curse.com/addons/wow/omen-threat-meter/download
OmniCC,http://www.curse.com/addons/wow/omni-cc,http://www.curse.com/addons/wow/omni-cc/download
Postal,http://www.curse.com/addons/wow/postal,http://www.curse.com/addons/wow/postal/download
PowerAuras,http://www.curse.com/addons/wow/powerauras-classic,http://www.curse.com/addons/wow/powerauras-classic/download
PriestFriend,http://www.curse.com/addons/wow/priestfriend,http://www.curse.com/addons/wow/priestfriend/download
PVPSound,http://www.curse.com/addons/wow/pvpsound,http://www.curse.com/addons/wow/pvpsound/download
Quartz,http://www.curse.com/addons/wow/quartz,http://www.curse.com/addons/wow/quartz/download
Recount,http://www.curse.com/addons/wow/recount,http://www.curse.com/addons/wow/recount/download
sct,http://www.curse.com/addons/wow/scrolling-combat-text,http://www.curse.com/addons/wow/scrolling-combat-text/download
SexyMap,http://www.curse.com/addons/wow/sexymap,http://www.curse.com/addons/wow/sexymap/download
simpleMinimap,http://www.curse.com/addons/wow/simple-minimap,http://www.curse.com/addons/wow/simple-minimap/download
TidyPlates,http://www.curse.com/addons/wow/tidy-plates,http://www.curse.com/addons/wow/tidy-plates/download
TipTac,http://www.curse.com/addons/wow/tip-tac,http://www.curse.com/addons/wow/tip-tac/download
WIM,http://www.curse.com/addons/wow/wim-3,http://www.curse.com/addons/wow/wim-3/download
XPerl,http://www.curse.com/addons/wow/xperl,http://www.curse.com/addons/wow/xperl/download
